key,value1,value2,value3
0xa9cD43766731eEC46419eBcb03769d1d05989B99,1540992,509397.3333,254698.6667
0x720CC90AB054a6CeE11d67853B6AcA069004292d,404380.4249,98155.56185,49077.78092
0x3872B4cdCCe2cD0F460aC9375b242563FC89A891,197119.39,65706.46333,0
0x0178fF12Dd75F46bE0C52da4960FbDD46c689d5D,191904,63968,31984
0x2be8Cf9DAfc5586715c475E478Dff09c96ccD69D,187200,8000,4000
0x1c0aa631b38c936Fa989c064776ad43eE461C75e,180254.9134,35906.01173,17953.00586
0x2De3F5fc81410f96131Ce92DF9Da1F4c5A24c4Cd,110591.3041,33455.76804,16727.88402
0xb93828700117606f123B352F4613C89af60B7490,83615.61056,21062.86674,0
0x0415c1a31975befE65d1D86Dc30b2102036B4523,80000,23637.33333,0
0x06d084a0Fe3ac6C9E259f39A4D3f49a91AcbCd32,76800,25600,12800
0x2eA1F48CEa8F89a2E3500D5CAf295C9cf84cEc48,74615.68,21778.56,10889.28
0xbe49742102e191F08abA8024460F408f30cd3736,71500.16,23833.38667,11916.69333
0x7976E258adf10C7785039e0d843A3fF7e1FBe12c,70400,23466.66667,11733.33333
0xFE1EDA8388c4AB076F2F33cFA0853cd58dE4F86e,68368,12656,6328
0xd1D44d1A3F1f113cC13F53Bd45e03693bba7D3b1,67555.2,20065.06667,10032.53333
0x6EB4D4d044E41cC7259f1ce11C0D25267723AF23,64000,20266.66667,10133.33333
0xc29a849851D903f20FfDC4778E7fF7B4f41Aa7f3,63680,6826.666667,3413.333333
0x260E5A3C17DE17161bA368cF358120aCb17fd5E0,61120,11413.33333,5706.666667
0x7c4Fe03ba155Df7aB05f07795879284eB3bAB5aB,60515.81245,19492.47082,9746.235409
0xC924C8bCB5Ba0A8A699BfA4fF0bB9beC24FB8023,57600,19200,0
0x77dfb85f5fb532F6A478afB6f3c45d9CB5D93033,57600,16000,8000
0x3E4C58F155F9cB470B5ae349Ab5289EF4db3ea06,56000,18666.66667,9333.333333
0xF38A688a5be3a31987BcaC1793d507c18391A601,52928.20959,17642.73653,8821.368264
0xdc12d5800F54012aF97b1c64984f94E15aB1Ac86,52220.8,17406.93333,8703.466667
0x9C509966B14D1B2dfDE0c3F9e735129507d4229d,48320,10666.66667,5333.333333
0x2A1E19af4D5a603f2315813A976a7AE60748eE54,48256,8618.666667,4309.333333
0xC5bf81E50ea75E14e505d34D31aA1599924F062E,45980.48,0,0
0x2375bd9E7Dc7Cf12b0561e09F0BC543682d1d176,43840,14613.33333,7306.666667
0x1C5c7a3DFB6163e60b0551d2078050b3457c067a,41600,13866.66667,6933.333333
0x8EB2aA6b1501134210FdC932E28565758b41507d,40774.4,13484.8,6742.4
0x92fE607BCD9Bb08C7644320336C3c75737A1f9eE,32000,8533.333333,4266.666667
0xa32354D0a8Ea515DEe3c130457fE981a7E72003A,29494.4,6400,3200
0xcF5322e11336A7eAA3b7f0214eE86D0D3eaF0960,28800,9600,4800
0xcbb7cdc9497a9E0c18d0edD2536C7D98B2063D74,25920,8533.333333,4266.666667
0x96A18835b89e6ef5A8883a29a99DEeCF5F610f56,24113.24895,734.1072849,367.0536425
0x1b309003349e2cd8404Bb830aCD66B321a544f54,24000,8000,4000
0xD9E5eAAF0AF150D5517fD26b2F3E84900ad58632,23680,3413.333333,1706.666667
0xcE5EeA731dfA2BAA5395320c91f158B2d0f2b777,23196.04109,4318.680364,2159.340182
0x06Ff33410C66352B21BdC96D4596F367f1Fa0F79,22720,0,0
0x50e874C39021Aa781a784a01988ef5e94740c178,22720,6506.666667,3253.333333
0xfD24799A0E6d957F51e771146e9d9A3e7863dce3,22336,7445.333333,3722.666667
0xfF62B266424811783B2E9C82A97A1ca287e4FB10,21460.80479,4345.65808,2172.82904
0x0b55d01CF1896185dEA27D24e69A77c73C351bA2,21120,7040,3520
0xf9CAdE2231e3A5AC4834A78Ac1A7C33CE5F89184,20568.6576,6856.219198,3428.109599
0xdd9edEb5F9ca193098724a83368BF6D9C1952c40,19840,1280,640
0xCF700a41A7bA04b0BD31e7Ae77BC393933AD6c77,19615.68,6538.56,3269.28
0x543953862045F8D25fC4384C7bc5D1d017eBb2c4,19405.71147,5068.535124,2534.267562
0xE7a859E936954D85262979F3311c8e96e46BC37F,18738.1852,6246.061735,3123.030867
0xc79bEC7b40b1D3ffc6aC76a7D833fce7c6Ff643b,18457.6,6152.533333,3076.266667
0x9ef174d3c3612dD840623856B65023Ad8Ba40bCA,18402.56,6134.186667,3067.093333
0x2d3547E0B06e16f15b51aD4Cc6eE2B2fc62021fa,18387.61586,6129.205287,3064.602644
0xD86a8bbe0a7d62870d53B22199D7693827B0759E,18240,746.6666667,373.3333333
0x036DBf06c4A7e82dc081520bA487802A764F6111,16525.33631,4959.965438,0
0x3ba178Ea1A3298Ec5b977F9C7Ba1248c2e375EA5,16000,5333.333333,2666.666667
0xbbe7dE345d42DbfFfe59e9d256EA973B31Be49ac,14657.37885,4885.79295,2442.896475
0x931880eDe29E1b0705E2DF03074513ba6F229B02,12803.2,4267.733333,0
0xF2DB86caa45fF36Bd4B8227A9E567aF65B89bAA2,12800,4266.666667,2133.333333
0x14eF0D62DB495A7A6b908e349b780A24eea25Bdc,12800,4266.666667,2133.333333
0x8B979FDA938A0A84d87215DC7bA94903a07e34d1,12479.68,3093.226667,1546.613333
0xE58E92d1eB352113cE784A4B9B1C3aC67dccD098,12437.70831,0,0
0xDBa638b44224225d922235A2E14A38F7882AD1e4,11843.52,0,0
0x61F3A58D607a2fb93fE8e29d0A188fD4E97A2EfA,11840,3946.666667,1973.333333
0xc16ad505002b5aCCeE6fc73211f590F7328aeE78,11227.84,3742.613333,1871.306667
0x88fDFB78Eec28E49bE0b847537e6e8Cbf8756453,10880,3626.666667,1813.333333
0xb1CF31F7f5C544dBaaef69E54d2279D0442Acfb0,10560,3520,1760
0xc4919A5421a002ffbbee9B26B1503aEaF0b4038F,10041.6,3347.2,1673.6
0x7DC0c2995C3469161bec32A684CefA1c9a4Ea378,9920,3306.666667,1653.333333
0xfe9200389AaF6a33249B91113D3F2B663E7dAd2c,9920,3306.666667,1653.333333
0x46B31EB6138839C80fa9f1EFc938a6EB75E54cAE,9891.2,0,0
0x26B7A13c025d0035ceCb18e6E7057D41A176bED1,9736.524767,2925.508256,1462.754128
0xAC9dB806c43AC41148b490116F79CF3B15E16275,9600,0,0
0x00C6bC71Fe1493ce1Ac781b58F8D789fCE6526c8,9600,1600,800
0xB9c203C0bd9aBe00ecDf7E9614b411DE11b4348d,9600,3200,1600
0xB462f657819204FD4868e6344cc73E63EB76a935,9600,3200,1600
0xA04135fdF1aa087a63BEc683B6262245DBfBe9EF,9600,3200,1600
0xfcc984a00bc90Cba53978CB00287ebbeC9f2D8a7,9600,3200,1600
0x130983EE3C910207f6d580DC7AeB923c33efFbD4,8832,0,0
0xBb9F94caE5343b3daF105C7a75aAA3B46ca69994,8520.220067,2840.073356,1420.036678
0xFBa38e56b27A0Ea861bFcBc3a65D671Ccf9e152f,7883.68609,2627.895363,1313.947682
0x1C6BE73bbc4a7edf2465e7bAE75D34467E9b27dc,7360,2453.333333,1226.666667
0xfaDDAD5051B56e4CAF73DcedED9701acc1e5660e,7104,2368,0
0xb77F976ADC2F367a75b285f9E3F6E21e42188b04,6904.64,2301.546667,1150.773333
0x39B8Aa218DdB49789BFA0A662D10846bD1D04dBb,6752,2144,0
0x3aa9C5e31fE55F0F80aB1f35c0E5298a1fc8d102,6598.4,2199.466667,1099.733333
0x5E5668a2F945fdB12236e5777b59cC0891927365,6400,2133.333333,1066.666667
0x06ec03AF35a19Befd059f762978450e997EAe6B9,6400,2133.333333,1066.666667
0x86ECc56D85b5ACbBBbe7158297934D9D46f7136f,6400,2133.333333,1066.666667
0x2ED36F1F1C6d9Bad88D1411d9A4Dd64ce00bF8ea,6400,2133.333333,1066.666667
0xF93EDD71A7c0DA8dB7DC39094077eA60B0927Db5,6400,2133.333333,1066.666667
0xba322d20153b9aFCC8Fef760769daC8E70CcCB43,6400,2133.333333,1066.666667
0x2936d675F7798E002505EAB6325EF0a7bC0C117a,6400,2133.333333,1066.666667
0xCDdf43B03Dc312704DB5428FEd236b8A2D4CC3b6,6400,2133.333333,1066.666667
0x700668bE38C948B63aeF618dd642f4d8FA7bFC63,6400,2133.333333,1066.666667
0xF4F9C85e053E825eF77D861E9f6BB389CEd6f680,6400,2133.333333,1066.666667
0x699bB567E5d3Cb46d8f6A4C2581A7e3f2a3ec3C9,6400,2133.333333,1066.666667
0x36c1346E9E04D14a80A56abf0C9d163a21C3B4f2,6399.68,2133.226667,1066.613333
0x66a71Ba37A304db0f2DF7Ea3f54B0b2f1e0bc1C7,6379.84,2126.613333,1063.306667
0xBDfC936Ecfa7dA7828f82364C86E0bB1598A107d,6170.531647,2056.843882,1028.421941
0x5A154821E56acA087D83A5a14CaaF79107c86130,5488,1829.333333,914.6666667
0xBa88fAdc80C3Fbe8b680644A38A18cDBBeD7B010,5120,0,0
0x9bbDE0324537110ABC5A571F99c8A5AFcE63529E,5120,0,0
0x85B75B816d6c1fb4271dC6203EB5ECb3cB69eC50,4800,0,0
0x5563182BE5c2C5Af2c25839d1DbCddEFdA2D3f20,4576,661.3333333,330.6666667
0xB0C7992aF75E04DcA2aF7e201f9316d89AdAbf78,4480,0,0
0x63425f7eE29492337062e8757CEec1278f0013F7,4274.35347,1424.78449,712.3922451
0xAaa89E9f1ba20A3672A6B217D4eDf4AE9B168f01,4160,1386.666667,693.3333333
0xa6C3fe7b46EC8cFCDC439c0a2e5F69E945e6693F,3936,0,0
0xc266Ec5f673FB1d077d4CB4c0A97066152793955,3920.598326,1306.866109,653.4330543
0xc2Eef30ba177c3c7550083E884cCB6e5c9020eB5,3910.4,1303.466667,651.7333333
0x098BE6B2046B4024bD243d2a73466E5BD7397b87,3881.22885,1293.74295,646.871475
0x3dfD82542E2Cef51148acE645a03CF6fF9e0F1a4,3798.4,795.7333333,397.8666667
0x830a57587b18Cb9AAFd241ec3F57f84a58d3A2f0,3681.28,373.5466667,186.7733333
0xeDE696C9400944f060839C8C8F0B80Eef5acdA96,3680,0,0
0x086fc7A3859cC4DE42AC9a392a7DF8e57C26D616,3616,1205.333333,602.6666667
0xD043e14f92627D697474454A90Bbc4b8275BB576,3526.72,642.24,321.12
0xE5BBeB6efA65a63A774218968fD80a852c6eC4e7,3488.64,1162.88,581.44
0xe28f60Fbeb7dae413C4C511048A5956FF5C8d1bd,3290.946485,1096.982162,548.4910809
0xb11C3CAe76c2BB1C7d6e40Acffe3F449B0b535CE,3235.587795,1078.529265,539.2646324
0x42C305BA98FA61Df1a6A6821693EdCD5E6bE281F,3200,1066.666667,533.3333333
0x5238E2D1d33c4a99675000E52140088e28c5b0ce,3200,1066.666667,533.3333333
0x3D7acC29D45675DA1B58dfc5734eEDB0a01cBe43,3200,1066.666667,533.3333333
0xf0C70100fb49a889A608122968A0EE81f2852D53,3200,1066.666667,533.3333333
0xce65C5F1667f09444d6f34520BB9F4724C84d94F,3200,1066.666667,533.3333333
0x9CbE7240e478400DC2BeB05fdD7f5D0FD1977700,3200,1066.666667,533.3333333
0x78906212Ad3Fd405D49c5a91b31789d1e88aa356,3200,0,0
0xA6540134E88a2c51b0Ed98191c09f91d309c7579,3200,0,0
0xE4a2DcCabf3903090f2d2aF4a8f380403269E274,3200,1066.666667,533.3333333
0xB33d22364082a0E490F29507Ef06eC10a28152DB,3200,1066.666667,533.3333333
0x517bEcef160ed40D4d4fC6c0a69B2dA52b00cfc2,3200,0,0
0x357ddc6f9e8B4eB975bFca0a52bD21AA3c1bc4B5,3200,0,0
0x402fD1Deb10Dd81FdCCC2A9B3C3003Fe83B68092,3200,0,0
0x7Fc46B39858dE03559E067AeC7c454b389C4Ac0E,3200,0,0
0xAD226CcD6eBf96C50DE5826C3790dc1427adD407,3200,1066.666667,533.3333333
0xcb8e6322f7C9d655BDc097222B5322dc2BC54Aab,3200,1066.666667,533.3333333
0xBEA17c47CfDD6D2cCCA2677bcE5AdC246E55544A,3199.04,1066.346667,533.1733333
0x7ab1e056159F01C51eF238dc7555B67Cf14B734B,3168,1056,528
0xb2D30406c4b0c01801F7EbC181dd8299ccFE8366,3040,1013.333333,506.6666667
0x866BDD9d1D6Cd8d5C4B8411784f1C071dD76C933,2947.717864,982.5726212,491.2863106
0x4b504458381816565F1aD4a4c0D2eaDDB01F67c3,2732.137831,640,320
0xAfCf7d0b4E3B75DbD86Ab1921b2271EAB52D6124,2720,533.3333333,266.6666667
0xBB80ceb05A782645bFFc40b98A257d5B8430cf4B,2297.218273,0,0
0x2BA40e9e3592EfB8eEF04aA4144BCF1113903BA3,2240,426.6666667,213.3333333
0x613aFc4259d8030d9217214501f725D0d187DC03,2058.56,686.1866667,343.0933333
0xF81A80B86328B5C8fbcD218f5409b8333A16d246,1942.72,647.5733333,323.7866667
0xF254015e2B4228E73Ab8F7393659d267372Ff6CA,1920,640,320
0x4b177c325cFF8B708a02A42637cf874b34De09Ad,1759.04,586.3466667,293.1733333
0x80D73a86504eF3FB28825ED1a6eA6757904A3E9f,1728,576,288
0xf67c5eAEf01c709a736993c2b9958521B1b1f086,1680.32,560.1066667,280.0533333
0x07B5e79f9A2B92DCBa527c011EEcF9Dd27627B1E,1600,533.3333333,266.6666667
0x9d3faC6DAb108B77Dae8a748e8C751BB181E96E0,1600,0,0
0xEe422CA49C3d2aAacB696FEbE98fd90685fe53ce,1600,0,0
0xa53c884eFa531005E12F2d95bE6eCeB0C7951580,1576.32,525.44,262.72
0xf909d81d1B40609f05232efA1B7D59909A5b58e8,1549.12,331.52,165.76
0x894302c7193BCe42dD36a485439a55406fBc7aA5,1481.6,493.8666667,246.9333333
0xaC22ee9ED0f34Fe24075D724D26D99F2bD75C6a5,1466.141186,488.7137286,244.3568643
0x3ceC051707590503d1d292722092199D981ce017,1339.070766,339.6902554,169.8451277
0xDCBC01Ee2cBB4007139F70B9d67dd51c73f1269F,1314.619037,438.2063457,219.1031729
0x0Bc11bc1B3d06E54D4AA3CB37c86134726A704ee,1280,426.6666667,213.3333333
0x2F69Aa95e577ce97211FcC4EED8F905Ae4ffdAD1,1256.431707,150.5439023,75.27195117
0xB3318AFAFA478Bb259340E48b2d53C04811fA690,1216,405.3333333,0
0x3055A0666E88cA12713F6958Be7B321a4A0606d0,1164.902521,388.3008403,194.1504201
0x5D9866609A17E4fF44aa0aA9dd390F53Ead0D071,1135.703192,378.5677308,189.2838654
0x6F91Ec242feA53B0ae9112f00Fe0f65cf2A22995,1126.4,375.4666667,187.7333333
0xed3D995CFe2C4B4ED8bcbA4cafAe0d0492bE7c34,960,320,160
0x00Aaf5FBC4c1EEf9b3019f760B2A9E482ECd2a4a,960,0,0
0x67842a8db8dcf0a25A286D94C7f45140c75109a0,960,320,160
0x29cb4a751782C62166AD47192cCD9DD5D76af26C,800.32,266.7733333,133.3866667
0x5ab948461539c8E131475128C8661FD54fEBf7A2,800,0,0
0x0Ad77079FbB23287D0f1780C3701568E6086690a,768,256,128
0xE55A0C05a3899E4755700A171A58ed1A07dCc98F,736,245.3333333,122.6666667
0xDD1dB990E725B8F1D8568547e5772c4965A73b5E,733.9661951,244.6553984,122.3276992
0x33Fa48bB4442e7942060216440A84831fe415979,704,234.6666667,117.3333333
0x4652d6ba36Bb8b6B524041502Cb79bA35c86Ec02,691.2652587,230.4217529,115.2108765
0x63f155916928Cb6B2D973359098710b365c8e9fc,672,224,112
0x6b7843fbF59fB022cAaf13BB65E923FfcC8f630D,663.36,221.12,110.56
0x972750Ca3001DbeC18095f5D526279f240589caf,643.2,0,0
0xA2523E22f63039F8f3fe04e4a712456DC5D34B60,640.64,0,0
0x381B6192A75816cC34AbcCaD13e78040885Cbe26,640,213.3333333,106.6666667
0x8C97f7001DCb69c7751B401296E7587c59b67C05,640,213.3333333,106.6666667
0x4bfFB2d53172Cb6CffcD64B7FA92a8373A74ef0A,640,213.3333333,106.6666667
0x8cc5a480d72b8930b8aD431ceF557fDbCEb5Df53,640,213.3333333,106.6666667
0x5104C2962550e4c5aF76C58991E0395F060aB6Ff,640,213.3333333,106.6666667
0xE97FECC6634653c150aFdd843cfE8C46D3cf3B14,640,213.3333333,106.6666667
0x6f0F2F8dE54206fB6f73f9BFCAC6Db0C655d6b01,591.0939501,197.0313167,98.51565835
0x8e50f159CFaad964F04418BCFC761cFE72BAB8dF,528.96,176.32,88.16
0xE4999cA39C7A9DD0E6C175400789079b17039ca3,511.68,170.56,85.28
0x121FA418ab2aCb882b642Dc305Ed464124e1daaa,480,160,80
0xd494Ec88DC9F704836EDF00200fA6545A04Ad0bf,460.5325017,153.5108339,76.75541695
0xcA9c7649d1aeCa77F07e5F8730e5dfFF8604a61C,448,0,0
0x5ab68013C7F927C6eaBd2889c9bEd25EC5eEd8c7,432.0021,144.0007,72.00035
0x65AC6D43BE86c3a243b7e993B3156725015fc6b0,384,0,0
0x7CE2f9340cEE58cE5FB851f65D4CC4A0f66eaE63,329.2859454,109.7619818,54.8809909
0x6b91a0252E9eD360820F43DA3D3d2eE32dDAc92A,323.2638464,107.7546155,53.87730774
0xadac4E5Ec65288435B94FF64D34cD18a3117C18C,320.32,0,0
0x19F332b620d2F20116648870d75A1243E4A78390,320,106.6666667,53.33333333
0x0784D26cB27C3E0264b269DE57b2Cb5525dA1Fe9,320,106.6666667,53.33333333
0xe348d059CA8FD0753541160D02A21C28DE3C53e3,320,0,0
0x44Ea91F6903E819B461972bcA7989F6bD18506B7,320,106.6666667,53.33333333
0x4C57fD42179ba6953badc41eC0c0E58c4aac1D82,320,106.6666667,53.33333333
0xc3Fe671A757C149e08A91ED53E362D158D226dE6,320,106.6666667,53.33333333
0x06FF1a87a90244adB3d81ECc5A024c4779a11BE3,320,106.6666667,53.33333333
0x63D1e12832B78AB90aA9FBF0A122fd79ed3570B7,320,106.6666667,53.33333333
0x3301429552dB1fd60744D4f949776B3252dCBC75,320,106.6666667,53.33333333
0x2DD6e0444a4cB0213B64Bd86AAf5400A0555eC31,320,106.6666667,53.33333333
0x5B0C0955f8adEdE345Cc8559871310C9B2B1a3d9,320,0,0
0x6D29897E187A9525b40DE15055Afb52D0B0a2019,320,106.6666667,53.33333333
0x772B3Bea3A7FDa358E084489f12124A15a538073,320,106.6666667,53.33333333
0x6792F430d7E05E8E216673d874d66a3B38332650,288,96,48
0x139a7Bb5eD2F553f11F2296cCcc33Fec5086825C,275.2,91.73333333,45.86666667
0x5E310ad725969cBBAC4A41Cea10DDEb0cE5C08Da,255.2525694,85.08418979,42.5420949
0xa6201f528cEc97Bf501E1F8641cA5ca127F7cD3f,138.5916516,46.1972172,23.0986086
0xA20001fa84E81E1F6152F59D9d232a527f3028C1,134.4,44.8,22.4
0xb4FcCE841C09B00cA9018ab9d184F28d5190A97d,115.2,38.4,19.2
0xD42580DedB89c08Fb518B14E17fc003B64772C8b,0,0,0
0x3C505E15dccEBB146895ddABA73B1604551C7BA0,0,0,0
0x50E081691Ac3621768d9D8978F9d85b490aCC559,0,0,0
0xFE79c15c0b3aA2D4Db75011305d1D44097d2b32d,0,0,0
0x13aEf04C84A40dA5d40400A8394255F286559Eb8,0,0,0
0x74c8e2D39fE6b895b58d78FF47E6557C83074DDa,0,0,0
0x0948069a8Eb49B7626569E6A5Ddf33904351A7A8,0,0,0
0xd7a271c3b706902346C4Bb8BD96c2fb680cf11b0,0,0,0
0x45fa082e686808Bccf6e84b578fd6EEB60441990,0,0,0
0xeF1Fb7c0E00d49352564f92fd496135E6730Ed9c,0,0,0
0x0200f186d0CA336aA86b8cc6c264f9005bcACD4d,0,0,0
0xA1099EB02502c1fd8C6365361250dB18358f95E4,0,0,0
0x6a6122AA64a0Cb3898Af00689f4781E278426dcD,0,0,0
0x9e0261398B15BB3D10112C62e9AB80e382B11B56,0,0,0
0xa1678A405385B7aE468B8D48ddE402FDE56dEf90,0,0,0
0xc74ca535EDF9B2c50EBB1A07fed6fd1F3B801942,0,0,0
0x024550bD6A98Ce16722D198eFf7062E863848069,0,0,0
0x55425DF9D04E61AF2Ee586F19a1F68CF2Ecf8a81,0,0,0
0xa4e14174a56aCc00655aF6b2253Fcc309fFa61A2,0,0,0
0xc986fD8e29dA25474138606c5e16560ABb5197B1,0,0,0
0x3C1FB24E03FCBC5C4271a9a9D2bBBE3dE5eD8456,0,0,0
0x5e677974e92802cb279252A029F62720d0A1316B,0,0,0
0x79008B84a0a7B13Eb67A272AE0D0e5193fCC2431,0,0,0
0x18bD6D1d39B883c8161476C30b8e7c3b037aAc93,0,0,0
0x02eD43e7253dfcDFa6C31410B9715B88D750D26F,0,0,0
0x6b5e56B8578c49ef7b9504c77dA655169D304CE5,0,0,0
0xEDF7497C7d187E1033B262D97Fbe9CcF7B251ABF,0,0,0
0x8CcDF7f6c39EC464730EE9dD0fCDaE0c38C7ecb9,0,0,0
0x5aF18Cc17F8a596506a7120CE72284Fb523197Db,0,0,0
0x08594A93991FA132E29051541e7f1A13f477fd0d,0,0,0
0x7A79D63aFc9D0B3cF7b098883032fd6464a61d14,0,0,0
0x7767b6027FdEB16C598B82536cd177D506F8D330,0,0,0
0xEa36Fe7f31Fad9DA8d818f4cA5D5c914cD616C02,0,0,0
0x56997946aeF124f837c0ab7E52411469dD8f6815,0,0,0
0x60c09BED93D8c91FD27DcD935562156E95F8Cc64,0,0,0
0xC3A57159a57B14a555CB93DC05e5162E1dA6aA34,0,0,0
0x9ACc0e7d0BfFD67Fa68D2c1fc544557fd94741ed,0,0,0
0x5Ae7fA8B189918c479c9fBB9731695f5e84c3fBd,0,0,0
0x707B3DeB2306A8F960EbE7dd33c16aA01A2Dbfdf,0,0,0
0x7e894A5333005D843Abec79d014721b3763bC2e2,0,0,0
0xE2006c1Ae79F29680326A28fEf3AFE529EF7dB77,0,0,0
0xaC17e437F9A305e0819617ee959A52bb1BDEfC29,0,0,0
0x3CeDa2d5e0F26fDb19c0C050e9277d247359170D,0,0,0
0x1B90ECC8b7f7314c9ddD6D876dDD38c643D49762,0,0,0
0xB7ca2C99fe900D5b190a8533b29d1D40bcf96985,0,0,0
0x460474FebA223c67d5e43843c0756DeE5a2E9154,0,0,0
0xD315d5430Ae2C4516dFC57CAbaD4D66d8e0d89C8,0,0,0
0x1620a14bAD5FFFb5b8AD0408EE80582128dCF98D,0,0,0
0x587c4d25109F194e6c88C24c74e78588354CFe20,0,0,0
0x648C7BF92858F7bD79b571ab8a54bd0485F4d9bA,0,0,0
0x37c62D0558a8B30Ae1Db4e015a412769A5697F66,0,0,0
0xF3853b837B77de73cf05F5B1D2cd293392c1981e,0,0,0
0xC530b5eAa1d45F4086e136858397bE489dDcd5f3,0,0,0
0x810398cC9ecFbd44711fB972BB8155beAEE1eF43,0,0,0
0x4a32c26992F17F909aCDcf04fd3B2AFF082742c0,0,0,0
0x43Eeb34D79f9F37a81CcB057D881Df3336a23bA4,0,0,0
0xD0655177B6348310F1f8BDdc7a7c50c8A110dE45,0,0,0
0x961FCc598D29C83e4EeEc9C9d72368edc9f1E1BF,0,0,0
0x4Bf3373d065f198c9d68Fdc05C8C40C4A721aC15,0,0,0
0x9F8ec2303Cf787492e0f94988ce15101f39D9b2E,0,0,0
0x5638f025ef9B7D45F2F5122e97534938fd6c9b52,0,0,0
0x123B2B3aAb26b7362F0ac97243135B05a6a61696,0,0,0
0xF653cda9b87359e47a48920dF9c0aA40de088e95,0,0,0
0xf33eC9a36C656C4eBad0B436a284DE978f6c1515,0,0,0
0xa886831c46BAE3177F9EFeE95f2F4DeaecD3E111,0,0,0
0xb73d81D94E75610d59E4053Fb6Be0Ff728F529e5,0,0,0
0x08b843CB4Eb7F54C88390e39576d81CD61704a6f,0,0,0
0xe9544e6399232C43B56D5cA84900918934fecb72,0,0,0
0x2c0ea972932E0D87a0a14a2AEb2228529Ed3791b,0,0,0
0xcf7d37578E0b359308cdd470E3A547ed7C7BB205,0,0,0
0x4EF6Ea806515C21dF74F081104A66d71A99C4f74,0,0,0
0xB1c912595e7ff5b6E89b1355bC44f02Bff7Bf74C,0,0,0
0x37B6a454fece4b7157B42D641AA8381230006964,0,0,0
0x4c637465c2a23261067BF0132cb32859ba7C623c,0,0,0
0x81feBc1D476bdDeA66b927bDB067494a4d544ac1,0,0,0
0x5f6F86ccb3143cB30220FAaD668cdF03fCb482DA,0,0,0
0x36403Cf61505e0247848192cC741902d7e8C71c6,0,0,0
0x15d8FEA352a8995c70b98b3382DBd162Ee31642C,0,0,0
0xcA0368145229e7c86D120f97F96890db33e3d537,0,0,0
0xcbeE836d682Df5DA050A589b9aa81759c044aCDA,0,0,0
0x86Fa48fC7DC7c8146EdDAb982ADFbe33176436D5,0,0,0
0x56e81cEc1a89587d2E1e319aA4895EDf1AD42806,0,0,0
0xdd492712bb74A65f2f9b4b9f4AE9F3151bA5D894,0,0,0
0xfe1e15889Ab002AD0786d2319990e05719eD136c,0,0,0
0xAc9D7c2A86d881834Acd9A1e3210c41632a03E86,0,0,0
0x12C3B18ca19ab37019Ff4133B4E3492896B58CE7,0,0,0
0x69F6cE406C71a39f1dA7CbeCBa22967dF51d1926,0,0,0
0x33ae893e146a24A2fFD55127273Ce625CA57b03E,0,0,0
0x3Fbd5e31Dda1E5A897d7A5e2a1a5CEEFFC1cBf69,0,0,0
0x51F2718fCa8B25CA724Ea002EB81C058FdA7C574,0,0,0
0x97F118b7fDA4A1b080e30a74C4369C98B7096C0d,0,0,0
0xb8e753A115A016102AAd4a895c5DCe15a5Eca6c9,0,0,0
0xF775d4Da6454c6bbE1f45dE446A2AE1856fC206E,0,0,0
0xe8F703924602522fdDDcAC6273128DdC090d1999,0,0,0
0x8235A09ffd0Dcaf68BCc63f8c76d53d57fADABa1,0,0,0
0xdDb516bBB5b47faC2C08563493035D0AB25faCaE,0,0,0
0x7cE68237F0D645647de017BA4eEC80216c584715,0,0,0
0x589d2D2749Cb9C2fBB9ae6a07173C3b5A5C93606,0,0,0
0x144f5D8553c5767af2e36b20fd7Cb700ac826a99,0,0,0
0xD4Df8Ebc9d6624BDc6550A1C54DF17b9780B5413,0,0,0
0xa153EcdEe2CddA110A810675aB32D7c80Bc6Bbf9,0,0,0
0x757Bc81F06dB4cC3679C38De720a7E6e0e9857Fc,0,0,0
0x73c96E9942514ea828f8CFBebF293E6Ed65f157e,0,0,0
0x324b5b563b30c6F002629901730840ADffd4c3FF,0,0,0
0xbd599ed077764Def69C2B0Fb108317bc58A96bCC,0,0,0
0x2Bb98f175c1e9FD49c9cDF2d3a9D868a0495c024,0,0,0
0x7E8F5017B73C3c1568A2dbf8948d6D466E8d21d6,0,0,0
0x508Dad80DB098e138038662B589D7087bD5120bf,0,0,0
0x8D22131ff2e00d3f34AB3383086F6f5137d9813e,0,0,0
0x8e74E498CB911c3E4e110825ce936b23f630AA28,0,0,0
0x30Ec067E35961A6FD4Ba296F00238ab5C997b849,0,0,0
0xed17B06346a3a7920dC7F51aBe62b4A4759b2F78,0,0,0
0x765Bf60621C889C920a9FC0EF076834B8528567d,0,0,0
0xe8f470037c18fd0AcCC48aDE10Ca2768b95b4DAA,0,0,0
0x129C116B40B633fe9AD266a620C4ff433F37dDf8,0,0,0
0x391aC7FC8bCe3dBBC5992ab62E6952B554EC6736,0,0,0
0xB043e2a82AD069e919EF26bF10b8447243bC0171,0,0,0
0x0e64E4Df3E2a2fb24981432409C20365fe85E4d7,0,0,0
0xD8492e0D57D38C7901ED6Fbeab046d8E4860eD94,0,0,0
0xF4368cA1eB727c782284ae248e65aD824b25c22E,0,0,0
0x47CFB96e9ea3b08d5ee1AAfce79378f8ac044744,0,0,0
0xA8BEfECb4A6EcF8588cE4418C2531bcfC042B6e9,0,0,0
0x674d30D72FcE8b081B16c50948D0582dbb3f86db,0,0,0
0xcd3902d9211058C90a3A91969F7E695d6174EF2E,0,0,0
0x383b9aDC7335566A5090992a96C829F04bE08BfD,0,0,0
0x47D8667Aa6312FCD12996fb3d129331EA92A1348,0,0,0
0x2d45e06816D619d029b94191AC6D3a6Cac6Ede87,0,0,0
0xb02861Ecb1e97e3a7dF596c84661d2f35D778E54,0,0,0
0xdb59ECC68ed9C036F86FD9241F3A0d6f1105cdc0,0,0,0
0x5629E53698C108583828c50ECBd6f9A797179170,0,0,0
0xee9162E238ebca7Fc7b3Fb332b7A967FD4e7df2b,0,0,0
0xDbF81DD0d39Aa35a11DCBe4486EF7F8F53a08D2C,0,0,0
0x5539F32Ef928eE1C16f36597454Dc7cEa0554384,0,0,0
0x875fed6f7C7e0E071b234a5b7c04475f43Df2b2B,0,0,0
0x6e9109Aabc11D49b41615f9e2335129e4c66cdFC,0,0,0
0x3Ab275bbDB915A30D2361f461c4B594bb2655AeF,0,0,0
0xA2F1E2d2C0e23f1B3163B26F9a5901bFF13C2deE,0,0,0
0x9d188920F460007198B0A4bF0aAb9Cfa93899B74,0,0,0
0xe5D11217FA749270D90B57B3EdB85837027BA98E,0,0,0
0xCa07B03A812893b625079531feA400A5Cc401C2d,0,0,0
0x107aB6318c01A9f1B6Aa12cC1FF174e14a6bda72,0,0,0
0x46e907647B4104871cf8146E9344F62B834B252f,0,0,0
0x8388A5817a3A89066189838d8eBD2B303BEf3432,0,0,0
0x0B0E64c22549D6957D8BF53B15E705973530B94C,0,0,0
0x8c2aCFDc3866738aad74A5fcCaF1AfDecDA27A9B,0,0,0
0x834230819A4cdfa9F5Dc5bbacD3499e765d4d88d,0,0,0
0x2360F1bc6fa6523d0C10BA2a9853c3167214f47D,0,0,0
0x73C45C310B61dE8313058B4314Acc60830F77e4b,0,0,0
0xda7697a7ca5D1dc3a8bE1A85F47A45755129f7F8,0,0,0
0xCe3fCCAa61456294374a172De79226fFc3CCd54C,0,0,0
0x7c37d741B97dD86e6796F8870a25F827950Be7C1,0,0,0
0x6527d68325D28c7EabcD4b4927D51038C2d93B10,0,0,0
0x1caE6f07Ce846509a6AC0237446b75c4337336A1,0,0,0
0xE20dF1c648078164A0a830E4950EB1Ee2D991019,0,0,0
0xe3087edCB6845F25Da99D6246A608a694dd33ad6,0,0,0
0x0AA997F319c71D065adb0A64910044E06805Cd76,0,0,0
0x23Bd4a40f8edD6Fd32fb275d96DA84b0942b516b,0,0,0
0xa7AaE9B4bE6777fd3273C1e7F70dDB844fA847e6,0,0,0
0x7b336AC4a4338a6541Ca9Ee8565c3c08289CA3db,0,0,0
0xD7FDbBEc36C5c48c6beDf663cF3A9417F6Bef605,0,0,0
0xE146Bc6F20b277E41A68c210dfD11277702C9D03,0,0,0
0x3E2B06b13Ed3931DA3f5F6b608ca90eBdAA559aB,0,0,0
0x919e21901B6dc6020c8c535715335cD8E7a1De7C,0,0,0
0x0e0f29dBF5bDb03D7dF7c5B3a32A475C4Fd08772,0,0,0
0xf1dA71A970c76f76e9B86D1f12C3E4424F107B7C,0,0,0
0xAD2991a5B0851aBd1C8DA80DeE9F9a17dA577451,0,0,0
0x3cABD46506E3311c84047DFe486a85945b769C77,0,0,0
0x882BC5B5584299F51252412fF604bb27ae8090F6,0,0,0
0x3daE99311327ACbb395478376843A9471c59D10b,0,0,0
0x66b2a541CB773Fb82D59c341d333844fdceAbAf1,0,0,0
0x192e45b7c7Ab23Cccf79e2aBb3e9dE6E5c541837,0,0,0
0x8f92a7FDcee83885ec87cf096Cc376F0905EfbDf,0,0,0
0xc307ec7Cb84e68863D72F6274bcC218A962b5Db0,0,0,0
0x6f570b409acdC98dBd8f9ECf33A5d978569124dd,0,0,0
0xAEe30aA1F23dF2C340D24D7D6664d69ED5618968,0,0,0
0x6D0882fAbC82220f393297D4A98bba8d4EC2c33e,0,0,0
0xa423a6b2D4E9A14EC5467db42E3594849Bf7Ac2D,0,0,0
0xBfD9e8598DBEcaa53d4365E8FE69AE549EC2AfAF,0,0,0
0x43E1d4186981AD815c430A2D51199C524B8399EA,0,0,0
0x05eDFC90B32fd8f8bdE9563B34F5846eef0adE49,0,0,0
0x27De07BcF0c5f1a0D05fA68Cf446fE9D350bF77d,0,0,0
0xc17Fcda881817E681Cce2083c8B4CB1Be31CE26C,0,0,0
0x50f77B7f4268bE5124E100dd10450Adc17657a75,0,0,0
0xC9451D454F07048854803fdaB94A18663a49BD45,0,0,0
0x7384872391A9A234D606d11eee22dE4883101D29,0,0,0
0x7c0889474BfB3b3833B24d20B15208e2E5705699,0,0,0
0xc5aF5cbAFaedb0133C9e58cB7370ed27BCCCe21A,0,0,0
0xf4F46D522da9dD8646956eD31d281345Ac4c9832,0,0,0
0xD9cd59A9450487437F71B812cfF59a52A56904B1,0,0,0
0xCb39E60AA5Fc2d012FF72f0C2926CfE1d4A6BF8E,0,0,0
0x42a8233e4F6E9Aa42b12bC34c086775e8991E99D,0,0,0
0x74C6f159De4870E24b98BB741EBaC98049b54616,0,0,0
0xDD31E0A7F4F85e1d1D27e9600f53880F48842255,0,0,0
0xBD91fC057406960Dfb06C166c9cb721b5afBC148,0,0,0
0xF82b91f4aBf980BD1e20F30e6f8758Ba11c0cC05,0,0,0
0x2ADE200Db3150E7504cBe9C2a5A6ac722062655a,0,0,0
0xaD87C965fB023EBB384aC35cD4a0BAff58A1B12d,0,0,0
0x9916e6Fe67bA620744393faFD811fc5D53318464,0,0,0
0x76595112Cd6330a5CC0F00161d78F918Fad2973E,0,0,0
0x4a9Cc9985DbDb8c3E84AF78842502CeC075c246F,0,0,0
0xe5194Eb5C48A0867E69cE4C2Ad00ad4434BD268B,0,0,0
0xCa353FA07F4c3d7351216Ca64C6BeF4529c2d3Dc,0,0,0
0x7Bd24c62De3c955DE7f415B534E4dB77D5f5cb9e,0,0,0
0xC85607bB9994433D907Bf3bEE4493667d2a2F91d,0,0,0
0x19602BF60c233187A2C71d5DA7cf7d91cBaf6f9e,0,0,0
0xa9762FfF61C8E6CB7204EBB0Fdc5dA31B3BAf3c2,0,0,0
0x8Bd42e87477801aF9Ca83657AFd75b91E6BCaF12,0,0,0
0x06987271FED7F7dFA1FE6a17EEb128AE160bD82e,0,0,0
0x2dfd3566382A1d7893a64DB05f71C6dbC5800584,0,0,0
0xab5CE5A89B4fb4c82b50eb5fe15047FBa9AaB118,0,0,0
0xa84928b1f6d5D3866B91f2eb732722f6D8CA84c9,0,0,0
0x0E5eDFfeEf13d2432e533DF53678415bF9499cC5,0,0,0
0xF421909E0E892cbadbdecF9f25B9ebE339deb9Bf,0,0,0
0x5cA0f4Fe86EfCFCCc87D81150BfC10291f925008,0,0,0
0xfA3325Ce0E9B21154B498A6B86Fb3FF228c53fA5,0,0,0
0xF1b065032218273FAC806A3dF30c3A8Ea6C4b8A4,0,0,0
0x2D7D8B9C9b13d036F9F11c02E4166c4061D3ccdD,0,0,0
0x796805Ea5Fd2188725cc4ce2946E49887609eC6C,0,0,0
0x9770995Bc14cF6069f4884f220580193D72dc86e,0,0,0
0x2ffC3fF29B0bDeBb1141440848b7B61ba136f61a,0,0,0
0xBfb76219231b8d3E2B77F2afcc9373a43AC408f9,0,0,0
0xD130bBf71b532B9bAa5507B5De7D69b362986E5C,0,0,0
0xCF5225428EB406E261373df1579C7D4F2FE0B9cB,0,0,0
0x2fA53d58e80786796c001D6BA1a4Ad5F499ADfd5,0,0,0
0xAbe0e075323eF9a91CDeC61b02E4ac2CDa4071a9,0,0,0
0xD67dE80B128bC3bDe5423E9E9466444A2bd9eB93,0,0,0
0xdeD7d89717a42f1F5E52816412D9ae42C24af0e6,0,0,0
0x2b2f9a5E156F57D4d04B5Abd15909D1C5cb539e1,0,0,0
0x8638d7caaFB1C76e1b503eDe3707C80E7F78F433,0,0,0
0xd62D1B49273CB28208206708C65bc9ADaECEa215,0,0,0
0x97F3fD91f3f3D5A706398E993DeD9A5487F6e302,0,0,0
0x4839a92FE4c0d4b841416135BbAc5412f8C1502E,0,0,0
0x8EDD78534853592D2A74210E753AEFb34b62965a,0,0,0
0x1500573DA2005ee7c5d9F316961598434B959EBC,0,0,0
0xD3477Fd436eC91b3522a1A39a037c316A21641d7,0,0,0
0x71bEB4c56fc8A1d58065DE96A9F9B998c2799591,0,0,0
0xD2DB463f55c0A28B6301d32DA7eaE2128cDCd453,0,0,0
0xb17123aB218e77b083A447ad2Ad4bFF34300eDe2,0,0,0
0x6d5f36216f820455890Af23f734aaB26BD870246,0,0,0
0x822453e50DbD9EC42aC9EDF2Dccb4eB6aC1cB38d,0,0,0
0xD3EdaE2E2045bA70d02816f36b1950e225165725,0,0,0
0x75340b0FDAadAB4f020e0519C1da6F030845Cf25,0,0,0
0x36df9cee41643b25B5908CCA5B787Fa9d52E7e0e,0,0,0
0x9aC416380cb2B553321364405C0F336409a5747F,0,0,0
0x442897B63f13C025768D55a43216BA666a9CCDFD,0,0,0
0xe5ACcc9c217B08C9ec371208d4f7aD55d7EC30b4,0,0,0
0x518c17be3EBcceA292f2f4Af5AF93f3B76841790,0,0,0
0xe75EDBF5e17691c12CF6b812C2b3B7C7695f1A78,0,0,0
0xEB905982944439e3a0080ABD4eb2a72B1d128526,0,0,0
0x4C3583de5784529a2F8C8E971DD37558fB68dDBA,0,0,0
0xAD93315BC907E2bf9666a0F5E31A53143c70F4AD,0,0,0
0xE995b8c683E47bAC838e24DDAe207DBb0bCcE049,0,0,0
0x0b3F873b7F8B66768088535dcC333bFD9dB031CF,0,0,0
0x7234E9d29e83f6b9DBb7A4F74E1Af7d58FAf568F,0,0,0
0xb51110b8FE1a37ad89c421113c9E4b214e661527,0,0,0
0x2F6B2Ae8CC3fABa3764c9571752407468315469F,0,0,0
0x3c5b95fC566C72CF3968bABd7e248bD961E0A5BB,0,0,0
0xcCE826B70Bbb7e351D755CF6AFeac3583e382e2a,0,0,0
0xC65Ce1710557dA592b4d995Eb23815608191fC36,0,0,0
0x9F327b77867c3966C846b7F341867ceEE98B1c87,0,0,0
0x0EFC652282De3B3300D3eA07905dB985BF187fCf,0,0,0
0xAEeeeFDf8c33C23B0c9bB93c679Ce5850ce54236,0,0,0
0xd295d7a2d61Bad87d988c033108174F35848F45D,0,0,0
0x663051Ac500Be986681B4d524Db5F6a178953c9D,0,0,0
0xb4c15a00426ea45c248Ae30A3e64A5955F33E3F5,0,0,0
0x737c2D46116e3DC02b3455AA59475DF1dD5051f0,0,0,0
0x5626463C37dE074800f93c1C195C4b0feDfc4B1B,0,0,0
0x3563C5f9C78f0340560132433265F84CaaCc1fa6,0,0,0
0xD3E33491F15C4e1Cd655B66Aa98EB409ac45B939,0,0,0
0x2C54B690A8Bae5C9243a017876F2b362E7ad0d7f,0,0,0
0x8A77C290d4cC1b70FB339b5735793417e4aC81Bd,0,0,0
0x33D5973f8d9fD957b78D22432594a4edc590421A,0,0,0
0x19539771C465166424CAc792DabCB5C0d5f17318,0,0,0
0xa86390B73AeeA8e61C50fb515798299E7633C65d,0,0,0
0xe9111bE2CD8526cf588F9e0BdA7E8525a5BB98dB,0,0,0
0x7E2F586cf3c5A82B33DAe7d9EA90C572A43E66A2,0,0,0
0x02509781269B212E433b4C0DD1C7811070728F7c,0,0,0
0x4C2238beaC486E4e2830dB60D73554c6B64f29F6,0,0,0
0xB9E91585eaBb6a6d41f9930704004e707375833b,0,0,0
0xc4F5b39F9e3e82216f070832cF32F3E24Bd0836e,0,0,0
0x7979A2bc710e5503dc441609Ae5A743a81244e9e,0,0,0
0x0B58d3A219f5E2De3ac88504d5C8920D4755f802,0,0,0
0xe04017eE8ef06A54c88f30da353059047edD120B,0,0,0
0xB099DF5CEb0DfdF294D0D28af8F9f97402543EC0,0,0,0
0x8a7824E31da94502545e511f442F2b77C8B2FF64,0,0,0
0xDf5EC9A738c238Fa77a06240Fb3e444808057Ce7,0,0,0
0x446848203136F5130436FAd112F12159dAaBD380,0,0,0
0x461b022E45c42BF5a7E27c4037622cad38e365A5,0,0,0
0x0cbc7b5be496Cf78f159B7ab816c6888C3dF9b24,0,0,0
0x5f48Df3e261E870ee587c1e5D225d54dF6593FFF,0,0,0
0x78d455289909536287FEfbb400ACcd2b22b77b8d,0,0,0
0x2cE116D96aB4C414f5bFed1452f132689eAd9a48,0,0,0
0x23A657f4e27677f759702d0b73d011F857f67086,0,0,0
0x9bD2465a082450541678bC5b8B74c644297C4ec9,0,0,0
0x21e07FD187069E0EC7bcec843b47510D4DF6dcd8,0,0,0
0x9302ACc6105DBf22579DEe99485a6D5e1a4DF6b5,0,0,0
0x2a8B15645Ff602B29d0d9206fB77E07B08f15B65,0,0,0
0xb6D1F9De72B00926a5637E5B3c62F23b65CC06eB,0,0,0
0x3D80854C0cF92262DABC403b7A9366DB60867912,0,0,0
0x5866f3F66494215e1C9A70311DB136009BF0848b,0,0,0
0xd2442b4b1DEa49E4da5Ee3F33B0468b1A1b6F58E,0,0,0
0x025Dfd384A00E2Cf29E8aD1A01AA332C76259513,0,0,0
0x8cC23D3c656b97cc7A828f42285405a747FaA43e,0,0,0
0x1F7161176918E405fF5d72Db5e017F5c333d76F9,0,0,0
0xfeabFfC8B9903CfBF2d48f35984FDa8bD55302Fd,0,0,0
0x63c9AA1e57aad5eBc7ecc8599Ce8933F804ea32a,0,0,0
0xf15a1624Ad2b2936F1ad6C15940f7D942874cB42,0,0,0
0x750104cF6A17c5319e2B5b6D167Bc9796f160c39,0,0,0
0x5584FBd36D26d057692CF9baC4f92e7cEB4555d8,0,0,0
0x03Ac2B42F14250277BC7082139CEB9CfC889fb53,0,0,0
0x2C3D97Cd46A938bd52F5DD8F50E8473853cC32a5,0,0,0
0x992e0840F78d001f64fA9eA2d89BF6689fcf696C,0,0,0
0xC469F7760eaE5ADa2A7f4ec158AAD8E226190d66,0,0,0
0x93FBE0a4235C170c579B55157ECDeF6F3F5dA559,0,0,0
0xbDab39A0C598f76c196A9a590172D7ecCB74a029,0,0,0
0x791EfCc29819657Fbd71Eae8887560a7792A2D68,0,0,0
0x1fdE1b1e21Baa8ABf40888Ea0A3fcc740303690F,0,0,0
0xf5819b6F1c107adf05185aEa71359b4329C5C482,0,0,0
0xe920ac0087D278d1328E5D1F95bDD8e9E2e8C57f,0,0,0
0xF705a0BECFC947A23464C6E40238e875b19ef7A7,0,0,0
0x708960A4e7e16355F9dE89Cf84d1400316eA781D,0,0,0
0x4ec99b635817F49012304359a859637e5c28bBA4,0,0,0
0x58a2b5c443a30A7520350aCC487756CA4112224e,0,0,0
0xA0e49D5eCd5514FC6A5A03B7bbF1CE428c6C351a,0,0,0
0x974DfD166BE7eE15dE4642456561fF3F8B562CC4,0,0,0
0xEb7B66aa96524b58843C8BA0cDB67BFABf8143eD,0,0,0
0x00baBF050A8D0957EeF67Fa5521906D47Ee947d7,0,0,0
0x868e56FFd42eD1c2C83B9be7568CC7ABE17F05EE,0,0,0
0xc05667382c87de93ed4637c1AC76B45c556A373a,0,0,0
0x4f8CC84377e0dc357FbD4d6302358dC2acE0B188,0,0,0
0x149f7D57E924Ee6a1DBB43784bBDc765701844f7,0,0,0
0x65Df850874308B3bFfED85E763408bcE835A2821,0,0,0
0xB30ad65626c63090D1A1Eed173FCF3BD54e9486C,0,0,0
0x7f3beF5aa492B4f3A08b02fc6E32Cf53883647d1,0,0,0
0xc7128aFD9f959fceB7A326549297571Bfe5d1e03,0,0,0
0x72b1fc1BdC68D42A9A3eABe67990714c98051cAc,0,0,0
0x125D8b8A3dd2C05B0AAec471C43bddF80eE8aF2C,0,0,0
0x8ef9Bb233959a07DF8D46c5978eBF8041B0302d3,0,0,0
0xa12DC5db742577B0102C59024C7D87070664A599,0,0,0
0xE398B43C8030FCB4F716e4252507b5bfF8D263d6,0,0,0
0xFB056A011C866030f5B2D9B4886E35F5f2FF01e2,0,0,0
0xd03A3010496Fa74e51342010d8E2048e6e0697db,0,0,0
0xF17d23e5DD076dBa4E778f187a2257C811649504,0,0,0
0xE88B381f02A0cF5168D82954Df42de67B38FC50f,0,0,0
0xF61190a5a8451a09D2A97fd8851154A56d12E7ac,0,0,0
0x9A989104AE98a6Bde6206974d290D18e67be5585,0,0,0
0xFC7AE4272F966c053dC959F99aAE093b74146fed,0,0,0
0xDCC876022fB1cd889D954A7b3A66CfD6b84B26A4,0,0,0
0xc866fBcBA9fca3206A1cd9fa0F840Ce1d59887c5,0,0,0
0x9b2302886B055305b89a2810c2D36B8e2D07B57F,0,0,0
0x46461DD7eA89bCf3894dba893ebD2C64400E5F10,0,0,0
0xc0625976fB0567cd9A5aD23eb17c5345612e72e6,0,0,0
0x845b2263298B40365D418003016aE3928a448Afa,0,0,0
0xCf83FB25e1f63DC1A9324f3c5215c24FFF3CF80D,0,0,0
0x6E0d72c7b97193E961B3013ae8404D49A8c08494,0,0,0
0x7Aba6D05228A8c3407687D19870C42f75cf1d0Df,0,0,0
0xd592243366B4377C7B4aa6888D8310310f2DB809,0,0,0
0xEA78DE2b937c4d8BF64A4E5147699f6a5Bad2A9a,0,0,0
0xa371850e0Fbb2bA68653da2B48DD78F7F4F1eDf9,0,0,0
0x4a950C7107467533bBaC16d50c6b7028C92924cD,0,0,0
0x4c269A892e88Db2Ed7A92ef1a908CbfD2780B7ef,0,0,0
0x551Ed9dEbDE8C5fc66B1BBE8840114576526cc78,0,0,0
0x39709d4b038e471E11e00b1884Ec56397882B94a,0,0,0
0x6501611522c099BFf962DF9A2cF8940622412682,0,0,0
0xEc7C2d88923206bd7d900FB027C2a86B738FC7EC,0,0,0
0x5AEf3D487fA64E81c36f98D77298d3016C7f2BEa,0,0,0
0xf33108778987d44340b81d130a04c5df04248382,0,0,0
0xD0c2f2ba59AfF8e5aEAe040D7207E86b4bD47627,0,0,0
0xC0E1af2d32bA681De1A4cbe6CB551Fe6286DB18D,0,0,0
0x4ff2bb7C306d64F7B514D58352478A37d6905093,0,0,0
0x91619aCcd2b1cEaC08ce07B018ecA3eFf488B380,0,0,0
0xDd9051745A9d7f6dBD98f80271f6A3c02C3cE080,0,0,0
0xe94aC3eb08874afe69A0da16C134C8EE7242a107,0,0,0
0xE40842baAE3E2D9FA65cAEa37a566Db88c65523e,0,0,0
0xfE0F0df7f73efD0C96B1dD67d404FAFAa2E71BD5,0,0,0
0x9738837F88C9fCe156ba77e15DeF02A261BEc332,0,0,0
0xA7E432fE73aC8cDEe5858517A5EE3e596E0e654B,0,0,0
0x2A572C0F498a96Aa6ae497376926899cD3482f7D,0,0,0
0x3d72C66D791152076d326818F14f2E51A655bf18,0,0,0
0x0ff53AD3CFb4031A64118d6D0Bd5a58D11b118Da,0,0,0
0x834052CCDB2f9A10B78dC7B6F2b896d69C9954c9,0,0,0
0x2426d34b86371d5f9c88b183287c9dE5372A3cd9,0,0,0
0x19480af390D562C07d5353A526cCAA834182CbEA,0,0,0
0xB70D44B7fb183E73a9D78319fCCA873F4F4e03BA,0,0,0
0x0c3a5E33d989054BcD02DC66558F75f2Bb7c893F,0,0,0
0x974F79877551d12DBf667499a7c5cb3Bc666724c,0,0,0
0xBfC82eBdb0CA9415CB6B6E47353ff217A348560E,0,0,0
0xC42DED99f5006A1D1da8bF8CA83A5d052fbB6342,0,0,0
0xB70F8975919C9cBA904820b0Da3A758Dcfd3E926,0,0,0
0xc9B85DB33b3e3a79146F13b3b6BB38519a874d51,0,0,0
0x713192A8F56EEe8963A98d13de8Bc54B556fCE0B,0,0,0
0x174464d5Daff64BD778D8bC27fe5Df59Aa81f918,0,0,0
0x8f52D6C0B77290fAd74ee3a89A80b7744C2a68Fa,0,0,0
0xeD3C850AC38fb61106c23373f0993e0Ffc8feedD,0,0,0
0xE473a73Df1f30A476d2f0FCba8bfAF328e6c281d,0,0,0
0x9BdA124eDEAc0b58cCDB4A5C849fc3d7a40be013,0,0,0
0xE388DEA21D00a5DDb08d1Fd3A3DF3d6FE47081b0,0,0,0
0x888EF0d91Aac9cE5c901E42c7e8bec89f68E8670,0,0,0
0xC9CEBb71c2885b48B23ACFFb3F124dA378b71B6e,0,0,0
0x98E63A9CC8A4D25a3F4F8E69Ca71A86D55Fb49dA,0,0,0
0x0Bf5E1330802198D801cABc4228f529010814F4a,0,0,0
0xaB157a067a15De3dC63280918179DF21dAb1E3f4,0,0,0
0xc72F04662c337C06D7737415FBc20fe3ec261836,0,0,0
0x611d0b205C43cb0e8bc5B320CC3170F42C4a73af,0,0,0
0xfB1806529DAb4C5Ac9F061Ae8E5F00Ee970AFc86,0,0,0
0x458CFF81bA4DdEe30fC4B35A05F0A02092f0f6ac,0,0,0
0xDA66BeBAa29f6F0Bd34cD85936d0D0248Da482a4,0,0,0
0x97545F50657D72db9781A95cebed200e8BBE88ED,0,0,0
0x5Ce0f65cD2444908C8730247EB69c617527D7F68,0,0,0
0xb299ac0F65B7df69834B528f6dE881b54B1F2d6C,0,0,0
0x0d299858D5Ba95fa2286e2C28c7EB2a208aDe5E7,0,0,0
0x4b60d2126Ba513A36aC617EF77D4647eB776ABf1,0,0,0
0x15b825F1964fc4Eb6901a4e4AAEcAA11b0Ab9c9b,0,0,0
0xE7f82f5Aa64843B63967Cf9525CDc45b569927Ae,0,0,0
0x63BE2f1F812eB06a11BfbC3d376791271E32eF30,0,0,0
0xE2dbB2320b65B52Fd391Dae2B8d7F90C5fCb394B,0,0,0
0x1A4f0ca09F4d39139b3358Fb8da747C9a18eadBe,0,0,0
0x2bf14B6262c9D9369b1d9BbFFa574AAA331C395b,0,0,0
0x33E9ee343770DEc510479b7355B4bf2f758ccAA1,0,0,0
0x6f895A79b3de1D834FEbb088407F5048A9D134b7,0,0,0
0x712E25Fa40b8E9927Faf99DBfee1bD79bDEdcDcf,0,0,0
0x84b14fB6dCA59e29c73a8d2FFE21082cF798a2F3,0,0,0
0x28E48B29F16A24a345E0cC0b2E1C9B9312456771,0,0,0
0x91A0740fA3Cb29fBe1018BC5dcec9237fc69DB8e,0,0,0
0x739C4d1d43B485bb003784D48640513a767c510e,0,0,0
0xF3F759A90Bd4d54d85F1b1F6ef9Db47AaAe28184,0,0,0
0x798d08846625C605c19ABdAEED7460E115561E15,0,0,0
0x1E958C4A3E05ce6f69b184A5fe81630817d59129,0,0,0
0xa016996b2AB3c66Bb59221F7FA579BD309277C17,0,0,0
0x799179fAE97CE7dA21588BEb6A138153370ce087,0,0,0
0x7B481AA79cED991DBdfCF1d6206Eebcbb4e5Aa19,0,0,0
0xB8646fC6dBcF273DDd8ff4FcC2f542921e1f852C,0,0,0
0xa658239Fdd535c50917B17049Fa8bdb9a051DAd6,0,0,0
0xb4dc354E683a632807034ba8C4f5D865Bc4e4BD3,0,0,0
0x94C4C694eBee1188D4F57Ec6Bf6d85D6539514e4,0,0,0
0x6E9C214Fe99185c9B3EF1be17F4EEC37d579969B,0,0,0
0xA6866b73C6Dc26e61C36cBB9235d4e4e76a7Fe55,0,0,0
0x4049c8e8359EBAA601Be453d047379783C19A173,0,0,0
0x29d72bA7E7F09F91e94dF62085F6918240EED400,0,0,0
0xaA80C88c32BC664D53B558F3867E16698c2cecE2,0,0,0
0x4606E6f61196ad7BdE7299c6A69eFf7C8df7Dff5,0,0,0
0xe5587d0F61c216071b47a53DD13926Bd81f94BaA,0,0,0
0x6D840B200faFB0a28724E6D2412FB04e7F634949,0,0,0
0xEE79F57c46FBcfFFD1A99a25156f8e8Fd4345aa6,0,0,0
0xCFc36779556EbCE37f09B18b3A7F5e4055C1c3Ff,0,0,0
0x1E9B40b1ea05CfeF4cE1adA9e621E5436EC72120,0,0,0
0x89435d69f0505c5eC404A08623Dc216262Da5bFe,0,0,0
0x4584Fb7E4cb860eDA18fef866E9830E09F5DD36D,0,0,0
0xc4A122dA79Dd55659BeD5E117F37423bc87F6a6a,0,0,0
0xb0eC75e3A83C15E46118E85b227341Fc71c1d699,0,0,0
0x14C92c9441B92ef3a79503F569290aFe0f997DD1,0,0,0
0x018BeE13FAA9cd968b5bB162b6509F34B216D148,0,0,0
0x109f8806A314C94DD29419F6B8d90eAB23d3b299,0,0,0
0x64Db04552036cf833DF6bFD48b27Ab056d57E4b7,0,0,0
0x0AF63244ae37679aCE534ba328A01DD77bA803AB,0,0,0
0x3A26d2ACff2D64eDAd73c470613f75dF3714FCE4,0,0,0
0x3444731CE572082B1622f858484130F3463EFb0b,0,0,0
0x5D91EBa56D134e73D4A6c40734b4914DF974AAb7,0,0,0
0xcD3371f2b57725c26A6C3DD7Fa434BBef556F1D5,0,0,0
0x6a76632bf05405Da223864CfD3E536C9E952d0a1,0,0,0
0x099950b8EEaFD24920bAAecEB553C7e30ee0dD8b,0,0,0
0x4a08Ecf302cD081516EA99573D21c3c37a045677,0,0,0
0x4aCDf4208Afc7A263fB12baF92Bf0C869f3bf3f4,0,0,0
0x058337751fcEa83cbf1Fe7708cEf904EA359bB94,0,0,0
0x5767FE74CfDE301Fe719BE25826e701302D98e3D,0,0,0
0x1c77b6B4670C1f8FF56C3d8FE6EeAe0d0f9d620d,0,0,0
0x12EFfC85C8B2d1c6b74B95742b5aD86ccBfc561F,0,0,0
0x59Cb00286E96b36C819e9583C5F1EFeEebD71904,0,0,0
0x1d9a2C59347eA2c113f9861c7A93aA182F842aa0,0,0,0
0xb5D494658fD223d141776430BeB2A33f4EdD319C,0,0,0
0x0342dC0857a597BD6Fcb022Ff5E47D269f5E9974,0,0,0
0x094F1C1F5502B68c51C6E54159e575b596F8c09b,0,0,0
0xFA3428812EBfd1679FBe5586F31A548BE5B42e55,0,0,0
0xa51cD9bdde13005C73BF15Ce59421A850F5ab7AE,0,0,0
0x553A7DCed898ead5Ab1281B65E4Db981c3e1E275,0,0,0
0x5242Bcba1466F9AdD13125403fe6a7191C9a6484,0,0,0
0xB8edD94D8808aA04c17C46e84ED55493AC95CE85,0,0,0
0xD0c4Fb490cb4A1dBBC231c01df9bae0E8982cE37,0,0,0
0x036ca44FA494a030882672523898c41248Ae5bd1,0,0,0
0x5d65633317e5231636baCb6C5AecC514653A12a6,0,0,0
0xba493DA03D990fEE105C4A9D500973f28E24A9a7,0,0,0
0x7dE59485Eba52940193fBc5068834CD19fa09a28,0,0,0
0x0E6A0129DDC070aeC067A324Fb4D75a079226A82,0,0,0
0x259625af3b01D2e91065CEC1d275C7cA55418C47,0,0,0
0x015ecc0F99fa14066088c521C80620B930Be8147,0,0,0
0xd54adfc8F3E7C45c2215cCC1339E02D46557008c,0,0,0
0xb4Ef32A313181e69D2E88b90695fcd6f2834f939,0,0,0
0xb5569D5A5890602cA3bFe4BE69dB2169b066EdAc,0,0,0
0x42C5D67c8795f3BF4877453b1f99865A1610ad6b,0,0,0
0xd510B42Eb6ebE65CDbb68D6c782F1711Cc59eC29,0,0,0
0x2911BCB5a614500b7c3B22cd972741D2d4eF9bfD,0,0,0
0xFde233De65Dc0593f0CF62ebB1625d9157531328,0,0,0
0x72512ACa41645A45d23B18af63fE79930800A05f,0,0,0
0xFe613a6B8b9be9EF1cB9144c2d974a03AACfbB09,0,0,0
0xAa4deE687060790571e112E01cf74Fb4e2d39e36,0,0,0
0x1854E750705BB1b4e0d9b93E903AB55Ae06083bF,0,0,0
0xbf4673513cec3C3cC02E31907b220AA421EB7EFb,0,0,0
0xBc0e5d734a980461b138035C7E920906ea3527ba,0,0,0
0x06955C583970E58d34c6d2438f4d85Dd09e11E3F,0,0,0
0xEbF31D28ad50CDE1d8e187084F112c54Dd12Ce8d,0,0,0
0x8821546611d690ECD4f62249bF2e3A30EA20B7d3,0,0,0
0x8d658E1947b90Cf6dAB988f4e9Ae19c2e788cCA5,0,0,0
0xB3d3cD1aB1246Af6ae4DDc5649d0263A491496F4,0,0,0
0xA26Ee20E6552d34D03b174F32f10D8E879FC81c1,0,0,0
0x643585995A785640dD3Ff5b77dd8ddE38D13cc3C,0,0,0
0x05E9F5500BF380ec8E019bCDab233AE9F4E21c91,0,0,0
0xe7031C9aa6769205a3Bd5ccb56a76cE6659F03c6,0,0,0
0x51260Eb6F5f010fCaA3ea46BDD47B60aE16d8148,0,0,0
0xF7C0b9C970C954629DF9C2Fc791c69b7a0cb31B5,0,0,0
0x4dAdf9cf5c01349ee1e2d7C69D04BD70c232054d,0,0,0
0x72a6f39E966A04cb8AE05F4D1fC8c601c7b7B506,0,0,0
0x3B56c8faA5eb81997566A20d000A02b1Ec1f6fA1,0,0,0
0xEDB10c6a8deCd8155caa0a0Bd1F7aFb2e7b4a53B,0,0,0
0x14D71638018C2b08fEEBdB0133F655bd218136F8,0,0,0
0x24f314d2e86870cF0fDD85B802d67e6a33230DA1,0,0,0
0x1c20826f2871F321763Cca53623C2f8418b30330,0,0,0
0x7f5eD3c4C5baD5DF2313C4D5587b08c909DeF276,0,0,0
0x2ce25A72F16E1c5308a9AB90075510dcF433874C,0,0,0
0xE809C0f7221d1C8C5807E554b44073b243b54Da8,0,0,0
0xC533De1D82848Eb4b3987005a2957896C69Bd524,0,0,0
0x9f62CF08E0966D3076C4e627bD10Cb7dC8377205,0,0,0
0x715Ca43249c240F15761Ff4A89D56F7DE67653D2,0,0,0
0x210096E02C7fd36440302Bf60eB4ab32ecad23e1,0,0,0
0x380370055f588f308a21B2Fa88ee461Ff7112284,0,0,0
0x29aEEFA201d8152df83Cecb4b976e1e1Da0Cea3c,0,0,0
0x595b608C7EAcb4C2a3e9c44ADBAb1CC8C7E9fBf5,0,0,0
0xbFe0b2794EBC2e0016444b59203f58F2bbBa097d,0,0,0
0x0b36A2f9c36c5D365905727566E6a32aB4806C84,0,0,0
0xB32272AfCDD7CD164064076D37616Cb553ad515E,0,0,0
0xa10c54447539F2C0C6FF7107b2F09a72E4B01f6e,0,0,0
0x42653Ca657CB245563aed68709EDfBe06E518D7f,0,0,0
0x1a8e184196EEF428d19c968f20A5074281eB4F1C,0,0,0
0x44E09FA8d4F152073dc666D2fA8f5987633F1Be4,0,0,0
0x16C27979BC64227c7159aE36aA59143859Bbd4E0,0,0,0
0xFd1f85d24C1274dd9544C89A88E402166E207b9d,0,0,0
0xf9351067D77a5183BdD9A8B8ccD3b25088aED067,0,0,0
0xa2e95c6042C63124b4fFAEceEbD15cB3848688BC,0,0,0
0x5387Cb4eB6167A75bB35cb65A5A45434C421E0E8,0,0,0
0x53CF2683e5e76434c3C97Ae7bc740DB781424Fcc,0,0,0
0xc727326d7c068bd915D5267Dda514D836664b324,0,0,0
0xC83c9dcBB8304Da47f0DA07f5a47B81E80b39D49,0,0,0
0xA8e1896CB36F286AeD621B2ca381b87c42eb76b8,0,0,0
0x73A09d7114665fCDDB80B1a4CE6B47a589b80280,0,0,0
0xf9475c451Cdaf223b35a884b4EA1f9F2cb568932,0,0,0
0x645bB74f3B8335bf1463DE553aBC343aa25Eecc7,0,0,0
0x0e15Cb9dA7415eC5Eb89E20f9838148D157BD0ba,0,0,0
0x8667B5CA39ae11d01803B8706846c4E8DFB49135,0,0,0
0xa52441c706D55656FF3CD0F0BFEFd3b520845293,0,0,0
0x7A0b63b1EEaA42047646948c71B7818433f2AE97,0,0,0
0x9165E408e5971cd8C0C66d26CB544946A057786d,0,0,0
0x3F5f71e7BfF8FFBe96AD07C7a34ff9cAf2e99bD4,0,0,0
0x9119339d16FDB67d613D131F0a7C39703de033B6,0,0,0
0xcA449622007734017bb5477c2F56B4EaB35C0F82,0,0,0
0x0866685CE7916f125Ae0e4650267275b477e9607,0,0,0
0x9aa2090019032529326F594589834ab82F970659,0,0,0
0x3580630602B24D1eAbB726A2021fc3BF24C1076e,0,0,0
0xa9c06C10251Cbc7eC14e0Fe27cfDE06B00448028,0,0,0
0x306Ad3C13FB606A7e09324B0bbc3117ec2d79935,0,0,0
0x9721AbB93b6c0Ad766784ef8bd0cEB8F47C38999,0,0,0
0xd4b9B7699eF88F0a31E9a32554f48CbdFABcbF8F,0,0,0
0x84847c19C1Bdc5ED20B6b9AF6A4dB39C837e1e49,0,0,0
0xa37120b9FA0AbCEB3e3DD5e719E08D9fb23EF9cA,0,0,0
0x32D1efAF4C2d2c7C7057a99CB27AD99451a2005E,0,0,0
0x34354AF2b97eEabec5c59bD435dadfC2dA62841D,0,0,0
0x3ba5D3c0B8d04f74155F591893E1885569658c43,0,0,0
0x212c1da4Ff9734973ef09670C463211Deef652B6,0,0,0
0xfaF2F241282D191D0455998749dDeD27Db7ae04C,0,0,0
0x056C5316D51EF57Ad18Bf79a72E39120afbc1358,0,0,0
0xbEe1155f29CF6C66ABC13Eb3563cA29Df5e05507,0,0,0
0x64D45abB7229c90c20c8BC0ae83c68e8B74C3A39,0,0,0
0x115f23c7B293c211e86fA2c823AA263bAD353361,0,0,0
0x8427Bd3f29A09D0Af9344396d9F808B5BB497EB6,0,0,0
0x6610f06C53c566f238Cd2a79C2494BD0F32DAeB0,0,0,0
0xa98f0673fA443723B3d782FE29d071A85026a61D,0,0,0
0xB5158f12fa4Ef47C2aECC1bc6139B6683436Ac0A,0,0,0
0x2629703F1918DD1c8235167f37fd0caC0E61888e,0,0,0
0x3E65D68c3F58b9aD4C5f330e0f24403CB4f09f02,0,0,0
0x884Cd5508D7b83C484a5Eb166352aCb5fd98fBB3,0,0,0
0x7576941CAF5b9Be47C71c77401F9912951047770,0,0,0
0xa29F3ADDb61125C70265461Ac1b8B018e08eB64a,0,0,0
0x0e0104118Ee4B3d76081195e6E4dC6ca5BBfc9Db,0,0,0
0x874bd621C1bCF009079A8C50d2a5718e366daBA7,0,0,0
0xeeC514fEfF439E63b95fdb57DacA9F28d6dCb314,0,0,0